variants,HCDR3_seqs,Cross-reactive label (1 = yes; 0 = no),Screening method used to isolate this variant,Frequency in the MACS3-enriched library (input library) sorted against mouse CD98hc,Frequency in the FACS1-enriched library sorted against mouse CD98hc,Frequency in the FACS1-enriched library sorted against human CD98hc,Frequency in the FACS2-enriched library sorted against mouse CD98hc,Frequency in the FACS2-enriched library sorted against human CD98hc,Frequency in the FACS1-enriched library sorted against mouse and human CD98hc,Frequency in the FACS2-enriched library sorted against mouse and human CD98hc,Enrichment ratio in the FACS1-enriched library sorted against mouse CD98hc,PSSM score in the FACS1-enriched library sorted against mouse CD98hc,PSERM score in the FACS1-enriched library sorted against mouse CD98hc,Enrichment ratio in the FACS1-enriched library sorted against human CD98hc,PSSM score in the FACS1-enriched library sorted against human CD98hc,PSERM score in the FACS1-enriched library sorted against human CD98hc,Enrichment ratio in the FACS1-enriched library sorted against mouse and human CD98hc,PSSM score in the FACS1-enriched library sorted against mouse and human CD98hc,PSERM score in the FACS1-enriched library sorted against mouse and human CD98hc,Enrichment ratio in the FACS2-enriched library sorted against mouse and human CD98hc,PSSM score in the FACS2-enriched library sorted against mouse and human CD98hc,PSERM score in the FACS2-enriched library sorted against mouse and human CD98hc,Enrichment ratio in the FACS2-enriched library sorted against mouse CD98hc,PSSM score in the FACS2-enriched library sorted against mouse CD98hc,PSERM score in the FACS2-enriched library sorted against mouse CD98hc,Enrichment ratio in the FACS2-enriched library sorted against human CD98hc,PSSM score in the FACS2-enriched library sorted against human CD98hc,PSERM score in the FACS2-enriched library sorted against human CD98hc
1,YWDMASFPSN,1,Dual selection,0.0,0.0,0.0,0.0,0.0,4.566444623296859e-05,0.00013158964157303807,N/A,17.464886266610776,6.406239207499588,N/A,3.8067482553827037,-7.251898803728482,N/A,31.112665890139382,20.054018831028188,N/A,37.831575406379685,26.7729283472685,N/A,14.980456300870658,3.921809241759477,N/A,21.518602735871152,10.459955676759966
2,YWDMASFPSM,1,Dual selection,0.0,0.0,0.0,0.0,7.89446676824214e-06,1.1416111558242147e-05,7.74056715135518e-06,N/A,20.092705169538167,8.406440876063364,N/A,4.273881931661703,-7.412382361813097,N/A,31.35291483115375,19.666650537678944,N/A,35.058421783983036,23.372157490508236,N/A,17.420490547153378,5.734226253678582,N/A,23.203997956006035,11.517733662531235
3 (D3),YWDMAGFPSN,1,Dual selection,1.6861321253133396e-05,7.491031570536386e-05,3.654647950808439e-05,4.258399693395222e-05,0.0007894466768242139,0.0051258340896507245,0.025706423509650553,2.1514468118652803,22.00478388860607,6.736833939633545,1.1160148489669326,8.280302689685504,-6.987647259287019,8.247925382459371,34.061661634153644,18.793711685181115,10.574195598830503,39.226755728268245,23.95880577929572,1.336593777209084,20.407944248402533,5.1399942994300085,5.5490523271343,23.993742409062502,8.725792460089977
4 (MH17),YWDMAGFPSI,1,Dual selection,0.0018013511538764178,0.007987659219101575,0.003042494419048025,0.0043520844866499165,0.0521192696039346,0.31128311385858864,0.5646937251092388,2.1486933373676615,25.17587479937896,6.293690924656282,0.7561751701406099,12.076981021175385,-6.805202853547294,7.433004060566843,36.46456233620543,17.582378461482747,8.292245343503936,40.48231171242754,21.600127837704857,1.272627117361758,23.576461494449582,4.694277619726906,4.854665514684526,25.436696972694296,6.554513097971617
5,YWDSASFPSI,1,Dual selection,0.0,0.0,0.0,0.0,0.0,0.0,1.548113430271036e-05,N/A,21.30825616266222,6.37208469112473,N/A,7.911868407542954,-7.024303063994538,N/A,32.10530264919977,17.169131177662273,N/A,37.85158345941804,22.915411987880542,N/A,19.129232927094904,4.193061455557412,N/A,22.547576900390602,7.61140542885311
6 (MH24),YWDSLSFPSN,1,Dual selection,0.0005086498578028574,0.003653958732739415,0.0009106164477431026,0.003589830941532172,0.02774905069037112,0.06652739010565611,0.21855878380208918,2.844715553596277,24.105852995878628,6.6550392304771915,0.8401706360818324,9.619203183737527,-7.831610581663912,7.031131745372403,29.868280417542664,12.417466652141224,8.747132763598998,35.531634615744025,18.08082085034259,2.819171116901755,22.87001085569153,5.4191970902900914,5.769621724957423,23.965510250277998,6.514696484876562
7,YWDMLASPSM,1,Mouse CD98hc selection,0.003361023369791257,0.012826310722440634,0.0001309582182373024,0.012102371928629221,0.0007262909426782768,0.0030652259533880165,0.0004605637455056332,1.9321337834608046,30.845608203910086,9.706585073131585,-4.681722070529075,12.119372430692028,-9.019650700086473,-0.13290714777331267,30.372490471020903,9.233467340242402,-2.8674278188412115,25.742262778250925,4.603239647472423,1.8483173480875532,29.66598638498301,8.526963254204516,-2.210281080060361,23.630577697080863,2.4915545663023586
8,YWDTLALPSM,1,Mouse CD98hc selection,0.006797922685221614,0.0995974264144871,0.0006761098708995612,0.07601669292679811,0.035789565093825734,0.037787329257781506,0.008646213508063735,3.872942604819155,30.49397195506192,13.034294317524559,-3.3297643386628866,6.9397441748802375,-10.519933462657121,2.474736696154035,26.643924191933806,9.184246554396443,0.34697450855234,20.207309071044165,2.747631433506806,3.483150403854496,28.943825585983177,11.48414794844582,2.396373153688589,23.254615490621564,5.794937853084202
9,YWDTLALPSQ,1,Mouse CD98hc selection,2.8102202088555658e-06,0.00043281515740876893,0.0,0.00037473917301877955,1.1841700152363208e-05,2.854027889560537e-05,0.0,7.266924029285216,28.283767778388086,14.787274925054277,N/A,0.4962014756152602,-13.000291377718547,3.3442443433267424,22.465618695551065,8.969125842217252,N/A,15.5150904131381,2.0185975598042956,7.059059801680175,26.973005823110945,13.476512969777142,2.075121138801887,16.074710085314962,2.578217231981154
10,YWDSVALPSM,1,Mouse CD98hc selection,5.6204404177111316e-06,0.00022473094711609158,0.0,0.0001320103904952519,7.89446676824214e-06,2.2832223116484294e-05,3.87028357567759e-06,5.321371813307593,26.209341086937076,11.292383105475317,N/A,5.010918566142914,-9.906039415318842,2.0223162484393797,23.403149984644386,8.486192003182632,-0.5382439079510495,16.98940668785724,2.0724487063954857,4.553824493429754,24.456570461587212,9.539612480125458,0.49015863808073123,19.663512436789237,4.746554455327478
11,YWDTLGFPTQ,1,Mouse CD98hc selection,0.0,4.994021047024257e-05,0.0,3.406719754716178e-05,0.0,0.0,0.0,N/A,31.56726918249269,13.066189911477906,N/A,5.925338855582281,-12.575740415432506,N/A,26.76219086685878,8.261111595843996,N/A,21.097197799677964,2.5961185286631805,N/A,31.690775985302416,13.189696714287633,N/A,19.764343436024276,1.263264165009491
12,YWDGFALPSM,0,Mouse CD98hc selection,2.8102202088555658e-06,0.0003523559294289337,0.0,0.0002086615849763659,7.89446676824214e-06,3.4248334674726444e-05,7.74056715135518e-06,6.970206497195134,28.370379981166874,14.162570487043702,N/A,1.4625787692441887,-12.745230724878978,3.6072787491605363,21.963659426747235,7.755849932624067,1.4617560920489505,12.238955876168896,-1.968853617954271,6.214338027158086,27.71503300497838,13.507223510855214,1.4901586380807312,18.643612753178427,4.435803259055257
13,YWDSLGFPTI,1,Mouse CD98hc selection,0.007354346286575016,0.03763272304546502,0.0006334723114734627,0.05905974534769833,0.013274545870799157,0.009081516744581629,0.0006966510436219661,2.355318670400364,33.60005301224074,7.861488561412102,-3.5372436419400097,16.581604554747503,-9.15695989608114,0.304336159722393,33.343665804231655,7.605101353403015,-3.40008902066941,32.62382743121286,6.885262980384218,3.0055061219519406,33.883469270816356,8.144904819987714,0.8519934925592793,25.900670224489463,0.1621057736608189
14,FWDGFGFPTM,1,Mouse CD98hc selection,2.8102202088555658e-06,9.155705252877804e-05,0.0,3.406719754716178e-05,0.0,5.7080557791210734e-06,0.0,5.025915929781421,29.59002647832553,13.044472956388354,N/A,3.836092756245019,-12.709460765692157,1.02231624843938,22.395835471263865,5.850281949326689,N/A,9.86148275020727,-6.684070771729909,3.599628183042878,31.019487481801622,14.473933959864445,N/A,19.71558941530128,3.170035893364103
15,YWDTLASPTQ,1,Mouse CD98hc selection,0.0,1.9421192960649886e-05,0.0,1.2775199080185666e-05,0.0,0.0,0.0,N/A,31.81158685088002,14.195927852036972,N/A,3.793261812625353,-13.822397186217696,N/A,22.666892292316987,5.051233293473941,N/A,11.450251331572012,-6.165407667271033,N/A,31.599488700956503,13.98382970211346,N/A,14.854895590388566,-2.760763408454486
16,YWDGLGLPTI,0,Mouse CD98hc selection,5.6204404177111316e-06,0.0004994021047024257,0.0,8.942639356129966e-05,3.94723338412107e-06,2.2832223116484294e-05,0.0,6.4733749067526425,34.98389711201078,10.665675210920961,N/A,12.322070160974949,-11.996151740114865,2.0223162484393797,29.178543452300318,4.860321551210504,N/A,21.699008500432203,-2.619213400657614,3.991945605821638,35.35646294176558,11.03824104067576,-0.5098413619192688,23.40880717067559,-0.9094147304142268
17,YWDNLGFPTI,1,Mouse CD98hc selection,0.000977956632681737,0.010554031146044595,3.654647950808439e-05,0.009364220925776094,0.0009986500461826307,3.4248334674726444e-05,0.0,3.431879845434803,31.923055648126955,7.244634311925491,-4.74196614616064,14.374100450735021,-10.304320885466442,-4.835664746688192,29.372917443314336,4.694496107112871,N/A,24.978300508497654,0.29987917229619043,3.259316576049118,31.631215854431005,6.952794518229544,0.03020871692631282,21.40896666019837,-3.269454676003096
18,YWDMVGVPTG,1,Mouse CD98hc selection,5.6204404177111316e-06,0.00024415214007674147,3.045539959007032e-06,0.0,0.0,0.0,3.87028357567759e-06,5.440953429060266,20.46203038394157,6.878526983806488,-0.8839851510330675,5.408191715838436,-8.175311684296652,N/A,18.071053593431706,4.487550193296618,-0.5382439079510495,8.289038478172344,-5.2944649219627475,N/A,19.266684445637296,5.683181045502209,N/A,20.29748636630447,6.713982966169382
19,FWDLIGFPTI,1,Mouse CD98hc selection,0.00014894167106934499,0.0014177470861274418,1.8273239754042194e-05,0.0011923519141506622,0.00013815316844423744,0.0,0.0,3.2507808367973903,26.153980379656378,6.530129018394659,-3.0269431048751105,9.768395218141915,-9.855456143119806,N/A,24.02028127175732,4.396429910495603,N/A,14.621213190466424,-5.002638170795297,3.000990745424645,26.363693958394276,6.739842597132556,-0.10847879953750156,15.894419216404287,-3.729432144857433
20,YWDRLGSPTM,0,Mouse CD98hc selection,0.0024477018019131978,0.009521933462992916,8.52751188521969e-05,0.012021462334454712,0.0003078842039614434,0.0051030018665342404,0.0004992665812624091,1.959826739323649,33.401450252130836,9.471633753179901,-4.843159137574328,13.553971353411034,-10.375845145539898,1.0599183610238332,27.882141972847236,3.9523254738963054,-2.29354556112666,18.808346911901594,-5.121469587049344,2.2961126878937064,33.588161628404976,9.658345129454046,-2.990968051655885,20.10791646251061,-3.821900036440325
21,YWDTLGWPTM,1,Mouse CD98hc selection,0.0032542350018547454,0.017823106225602126,0.00014618591803233755,0.024924413405442235,0.000682871375452945,0.0024202156503473353,0.00010836794011897251,2.453358449951046,31.66507788954669,10.804717434453085,-4.476442188301148,9.698950716879674,-11.161409738213933,-0.4271828349866575,24.707304145250813,3.8469436901572065,-4.908308523882682,14.599063970744037,-6.261296484349568,2.937169208383824,31.877622403472184,11.01726194837858,-2.252632672271781,20.5229989967678,-0.3373614583258058
22,YWDRVSSPTI,0,Mouse CD98hc selection,0.0003400366452715235,0.0005770868765450253,2.1318779713049224e-05,0.0003534471745518034,7.89446676824214e-06,0.00022832223116484295,5.0313686483808666e-05,0.7630982912894658,25.840886124627477,5.964159184450711,-3.995493466250058,9.597957620892426,-10.27876931928434,-0.5746188939478525,23.614506102628262,3.7377791624514938,-2.7566674270845524,15.418272446309167,-4.458454493867601,0.055804377115207936,24.9085110333641,5.031784093187335,-5.428704599193863,14.600371039322173,-5.276355900854593
23,YWDGFGSPTQ,0,Mouse CD98hc selection,1.6861321253133396e-05,0.0012207607003837072,0.0,0.001281778307711962,7.89446676824214e-06,5.708055779121074e-05,3.87028357567759e-06,6.177919023226472,31.728714406307713,13.705084301308716,N/A,3.788778286502355,-14.23485181849664,1.759281842605586,21.488660323446744,3.465030218447752,-2.123206408672206,8.983683908323481,-9.039946196675512,6.248285359081423,32.92621436777097,14.902584262771976,-1.094803862640425,14.051145217950378,-3.9724848870486187
24,YWDTFGSPTR,0,Mouse CD98hc selection,0.0019446723845280517,0.009915906234480385,0.00010659389856524612,0.016675893199335688,0.00038288163825974373,0.0016382120086077482,0.00013933020872439325,2.350217501827734,30.983322805211884,10.950944546237478,-4.189330361724826,10.180534561087248,-9.851843697887158,-0.247405052521657,22.916586012401034,2.884207753426627,-3.802947134145462,10.717466659596298,-9.314911599378107,3.100165005009848,31.905545056019317,11.873166797044911,-2.344556747368866,19.737279143704033,-0.29509911527037347
25,YWDIIPLPSS,0,Mouse CD98hc selection,5.6204404177111316e-06,5.5489122744713965e-06,0.0,0.0,0.0,0.0,0.0,-0.018478189577031925,14.563754630071319,0.40125367883929286,N/A,2.7826295045363962,-11.379871446695628,N/A,16.8883993884434,2.7258984372113764,N/A,6.025782920982888,-8.136718030249137,N/A,10.060947634531532,-4.101553316700492,N/A,9.360627132574027,-4.801873818657998
26,YYDMRSFRPD,0,Human CD98hc selection,5.6204404177111316e-06,5.5489122744713965e-06,7.918403893418284e-05,4.258399693395222e-06,0.00039867057179622804,1.1416111558242147e-05,0.0,-0.018478189577031925,3.7662206336692012,-10.344610438270408,3.8164545671080248,18.68800335110118,4.577172279161569,1.02231624843938,16.819763203277915,2.7089321313383077,N/A,2.4932373067905544,-11.61759376514905,-0.40037181695712204,-3.1394096169514913,-17.250240688891097,6.148370120832526,27.8649605590937,13.754129487154092
27,FWDTLGWPTQ,1,Mouse CD98hc selection,0.0,2.7744561372356982e-06,0.0,1.703359877358089e-05,0.0,0.0,0.0,N/A,27.391018805926908,13.160685524903824,N/A,0.1997846246485082,-14.030548656374577,N/A,16.664602522076983,2.4342692410538938,N/A,1.9472648003364847,-12.283068480686598,N/A,28.493486955231724,14.26315367420864,N/A,10.72543690287474,-3.504896378148345
28,YWDLLSSPTR,0,Mouse CD98hc selection,2.8102202088555658e-06,5.826357888194967e-05,0.0,7.239279478771877e-05,0.0,1.1416111558242147e-05,0.0,4.373839233201728,27.39989829374665,8.1727851292312,N/A,9.417758799985132,-9.809354364530321,2.0223162484393797,21.23729008293927,2.0101769184238236,N/A,11.329380141208475,-7.897733023306975,4.687091024293217,26.99458982430785,7.767476659792404,N/A,16.23311650738974,-2.993996657125706
29,YWDLLPSPSV,1,Mouse CD98hc selection,0.00011240880835422264,0.0001414972629990206,0.0,0.00011071839202827577,3.94723338412107e-06,4.566444623296859e-05,0.0,0.3320190575071011,26.880555924506123,7.121934790591627,N/A,7.9588778335304395,-11.799743300384055,-1.2996118464479827,21.4450897629474,1.6864686290329038,N/A,10.857789788345137,-8.900831345569358,-0.021860193703392462,26.434343269847673,6.675722135933182,-4.831769456806631,10.456112635681928,-9.30250849823257
30,FWDGLGSPTV,0,Mouse CD98hc selection,0.013542451186474971,0.06371815964775505,0.0004020112745889282,0.10327896776391432,0.0020091417925176243,0.014213058890011473,0.0008166298344679714,2.2342157078927904,33.070016560646174,10.481264886199469,-5.074109117414603,10.611653092114603,-11.977098582332104,0.0697281896548339,23.640798806446046,1.0520471319993412,-4.051662804983854,7.957389026951321,-14.631362647495386,2.930985690850171,35.08844703788183,12.499695363435123,-2.752837601583563,17.90537226500998,-4.683379409436727
31,YWEMVGAPTG,0,Mouse CD98hc selection,1.9671541461988963e-05,4.439129819577117e-05,0.0,2.9808797853766554e-05,0.0,1.1416111558242147e-05,0.0,1.174166888365364,14.874532805502028,3.135204334467444,N/A,1.047315672368991,-10.692012798665594,-0.7850386736182244,12.647986487646811,0.9086580166122256,N/A,1.3614627559248476,-10.377865715109738,0.5996281830428778,13.663200722105826,1.9238722510712416,N/A,13.2788185421502,1.5394900711156154
32,YWDLLGSPTL,0,Mouse CD98hc selection,0.002343723654185542,0.020170296117703528,0.00011573051844226722,0.019771749776434016,0.0006433990416117344,0.003944266543372662,0.0008243704016193266,3.1053578857852613,33.64917452230609,7.6723220821514895,-4.3399612110341454,16.4765517162889,-9.500300723865697,0.7509545753829749,26.59466163921431,0.6178091990597134,-1.5074378611698753,15.166633113002828,-10.810219327151767,3.0765661751648756,34.09583271163772,8.11898027148313,-1.8650167811328549,17.79651317167154,-8.180339268483058
33,YWDLVGSPTK,0,Dual selection,0.0001826643135756118,0.0004522363503694188,3.045539959007032e-06,0.0005791423583017502,3.94723338412107e-06,0.0007877116975187081,3.87028357567759e-05,1.307882151625591,24.18826867443388,4.631729456443425,-5.906352964061522,10.063199604623597,-9.493339613366858,2.108472892189094,20.142890859391926,0.5863516414014724,-2.2386836260921417,7.5038646654684715,-12.052674552521985,1.6647232112647625,23.86327238511055,4.3067331671201,-5.532209174947724,11.863780491168374,-7.692758726822083
34,FWDGFGSPTL,0,Mouse CD98hc selection,0.007716864693517384,0.03713609539689982,0.00023146103688453443,0.05743303666482136,0.0008091828437448192,0.004806182966019944,0.0003057524024785296,2.2667354188040076,30.751568641016764,11.097721933351458,-5.059173547736583,7.59808049627551,-12.055766211389798,-0.6831232386413248,20.20701146026054,0.5531647525952326,-4.657579069921047,2.719706338784978,-16.934140368880332,2.8957941284965028,32.87716719710198,13.223320489436675,-3.2534771725609235,14.780193680371859,-4.873653027293448
35,YWDLLQSPST,0,Mouse CD98hc selection,1.9671541461988963e-05,5.5489122744713966e-05,0.0,2.9808797853766554e-05,3.94723338412107e-06,2.854027889560537e-05,0.0,1.4960949832527262,18.685612634003373,1.5955880900053598,N/A,6.486170366844649,-10.603854177153362,0.5368894212691381,16.959829643175798,-0.1301949008222132,N/A,6.446229264459177,-10.643795279538836,0.5996281830428778,16.240177015525973,-0.8498475284720368,-2.317196283976873,6.729613479600536,-10.360411064397475
36,YWDIVGAPTG,0,Mouse CD98hc selection,1.6861321253133396e-05,7.491031570536386e-05,0.0,6.387599540092833e-05,0.0,2.2832223116484294e-05,3.87028357567759e-06,2.1514468118652803,20.330156061637982,2.252896858084966,N/A,8.645597779813725,-9.431661423739293,0.4373537477182236,17.744985836772535,-0.3322733667804818,-2.123206408672206,3.2489491652446727,-14.828310038308345,1.9215562779302402,18.591834501787037,0.5145752982340197,N/A,19.301782234085273,1.2245230305322543
37,YYISIGSRSI,0,Dual selection,2.8102202088555658e-06,0.0,0.0,0.0,0.0,0.0,0.0,N/A,11.760836265799588,-7.109577980923605,N/A,17.902365078286984,-0.96804916843621,N/A,15.940226116875682,-2.9301881298475116,N/A,1.9416904194170677,-16.928723827306126,N/A,8.458989640413485,-10.411424606309708,N/A,16.76121108540024,-2.1092031613229514
38,YWDILGSMPM,0,Human CD98hc selection,0.0,0.0,0.0,0.0,3.94723338412107e-06,0.0,0.0,N/A,16.008446981448735,-4.474086662404809,N/A,18.570113886977627,-1.9124197568759174,N/A,17.362233694577686,-3.1202999492758607,N/A,-3.5819774870092242,-24.064511130862776,N/A,12.493346539320719,-7.989187104532824,N/A,16.99839312195278,-3.484140521900769
39,FWDGFGAYPV,0,Mouse CD98hc selection,0.0,0.0,0.0,4.258399693395222e-06,0.0,0.0,0.0,N/A,14.20122805301091,-1.9682185422689558,N/A,12.044863585378703,-4.124583009901162,N/A,12.508089972018173,-3.661356623261697,N/A,-11.15395279042636,-27.323399385706225,N/A,13.284856491378857,-2.8845901039010124,N/A,15.301457040357324,-0.867989554922542
40,YYDYLGSYPI,0,Human CD98hc selection,0.002610694574026821,9.433150866601374e-05,0.009971097825789024,1.2775199080185666e-05,0.0004420901390215598,0.0009418292035549772,2.7091985029743128e-05,-4.7905501347093455,15.800076322040685,-13.626402926572444,1.933318669058433,33.8069371071215,4.380457858508374,-1.4708963236974575,24.141671862817688,-5.2848073857954425,-6.5904237722760985,4.924518504306983,-24.501960744306146,-7.674944102618619,11.405267298270843,-18.021211950342284,-2.562021226244318,23.93980757992278,-5.48667166869035
41,YFDAFASYPI,0,Human CD98hc selection,1.9671541461988963e-05,0.0,6.395633913914767e-05,0.0,0.0,0.0,0.0,N/A,7.549663153844964,-9.669020201022816,1.7009773496880884,19.758824754314695,2.540141399446915,N/A,11.471906528751148,-5.7467768261166325,N/A,-10.333603803543525,-27.552287158411307,N/A,1.9814658086556605,-15.237217546212117,N/A,13.83594532361412,-3.3827380312536612
42(WT),YYDILGSRPI,0,Human CD98hc selection,0.008197412349231686,0.00024970105235121284,0.03975343308491879,0.0001575607886556232,0.002719643801659417,0.006455811086185934,0.00025156843241904336,-5.0368947641455355,20.730563249415997,-12.843945735882409,2.2778389803304404,36.85919323872858,3.2846842534301723,-0.3445702084689776,27.515140372322065,-6.059368612976349,-5.026145765820773,9.27373804507899,-24.30077094021942,-5.70118812222635,15.310107130896142,-18.264401854402266,-1.5917508601131554,31.938913447769707,-1.6355955375287037
43,YYDIRGSRPD,0,Dual selection,2.8102202088555658e-06,0.0,2.1318779713049224e-05,0.0,0.0001421004018283585,2.854027889560537e-05,0.0,N/A,8.699842445215074,-14.944699903710251,2.9233697710245368,29.162034225862538,5.517491876937212,3.3442443433267424,17.18089407134856,-6.463648277576768,N/A,-6.430670345500447,-30.075212694425776,N/A,1.4695133255840949,-22.17502902334123,5.660083639523044,28.82032253938346,5.175780190458132
44,YYDIPGSRPD,0,Human CD98hc selection,2.8102202088555658e-06,0.0,1.522769979503516e-05,0.0,7.89446676824214e-06,0.0,0.0,N/A,7.695515357196145,-16.709451829145976,2.4379429438542948,30.326606534755893,5.921639348413773,N/A,17.24110132311047,-7.163865863231651,N/A,-7.175093496427364,-31.580060682769485,N/A,-0.8022936759704002,-25.20726086231252,1.4901586380807312,28.064724295973424,3.659757109631302
45,YYDFNGSRPD,0,Human CD98hc selection,2.8102202088555658e-06,0.0,3.045539959007032e-06,0.0,7.89446676824214e-06,0.0,0.0,N/A,3.533955803572325,-15.713044636656829,0.11601484896693254,24.45592064667139,5.208920206442238,N/A,11.989806368211283,-7.257194072017869,N/A,-13.19803639927877,-32.44503683950792,N/A,-3.735775412460275,-22.98277585268943,1.4901586380807312,22.455770016246117,3.208769576016962
46,YYDILGSRPE,0,Human CD98hc selection,2.8102202088555658e-06,0.0,5.786525922113361e-05,0.0,3.94723338412107e-06,0.0,0.0,N/A,10.355588362123626,-15.25917172799288,4.363942362410518,30.599607896075735,4.984847805959225,N/A,18.214175648980074,-7.4005844411364405,N/A,-2.883426884367694,-28.498186974484202,N/A,5.090373395776498,-20.52438669434001,0.49015863808073123,23.7061870867324,-1.9085730033841104
47,YNSNLGFRPI,0,Human CD98hc selection,5.6204404177111316e-06,0.0,2.4364319672056257e-05,0.0,0.0,0.0,0.0,N/A,4.213944263549113,-12.52019823686499,2.1160148489669326,15.10944693006153,-1.624695570352574,N/A,9.320275662467608,-7.413866837946495,N/A,-8.113882375836763,-24.848024876250868,N/A,-2.565934894954122,-19.300077395368227,N/A,10.829870620574876,-5.904271879839226
48,YYDNLVSRPI,0,Human CD98hc selection,2.8102202088555658e-06,0.0,2.1318779713049224e-05,0.0,0.0,0.0,0.0,N/A,16.391875670719195,-9.75171102900161,2.9233697710245368,26.452406378996706,0.30881967927589526,N/A,18.407567128232778,-7.736019571488029,N/A,-0.1342138912256221,-26.27780059094643,N/A,11.614773329200322,-14.52881337052049,N/A,20.46036248831833,-5.68322421140248
49,YYDFVVSRPI,0,Human CD98hc selection,8.430660626566698e-06,0.0,6.091079918014064e-05,0.0,0.0,0.0,0.0,N/A,11.620671086302865,-12.849808286606384,2.8529804431331387,25.74303843533668,1.2725590624274281,N/A,16.629440748696577,-7.841038624212673,N/A,-5.805288403916875,-30.275767776826125,N/A,6.31780365471621,-18.152675718193045,N/A,20.772195331977752,-3.6982840409315023
50,KYDILGSYPM,0,Human CD98hc selection,0.0002220073964995897,0.0,0.0005329694928262307,0.0,5.9208500761816046e-05,1.1416111558242147e-05,3.87028357567759e-06,N/A,7.07194028866367,-18.251439701193533,1.2634452126221587,29.612876424588837,4.289496434731635,-4.281464499737723,17.27686027964491,-8.046519710212296,-5.842024656128152,-7.611589652509762,-32.934969642366966,N/A,-1.5153870600861374,-26.838767049943343,-1.9067315144878532,20.750279170820683,-4.573100819036525
51,FYDIHGSYPL,0,Human CD98hc selection,0.0001967154146198896,0.0,0.000758339449792751,0.0,7.499743429830033e-05,3.995639045384752e-05,3.87028357567759e-06,N/A,8.100965215110005,-15.717401814748245,1.946733764090047,27.77072477848345,3.9523577486252037,-2.2996118464479824,15.699139017309506,-8.119228012548746,-5.667526924896016,-13.29380873080214,-37.11217576066039,N/A,2.1172883104630307,-21.70107871939522,-1.3911968654206497,16.060477218246355,-7.757889811611896
52,NYSMLGSRPI,0,Human CD98hc selection,0.00020233585503760075,7.213585956812817e-05,0.0008192502489728917,8.516799386790445e-06,0.0010499640801762045,0.0001712416733736322,1.935141787838795e-05,-1.487963472878252,2.849590967831053,-16.82565391841855,2.017552210081244,20.618475427957264,0.9432305417076576,-0.2407181573944141,11.402432764388804,-8.272812121860802,-3.386240814506,-10.54576758396961,-30.221012470219215,-4.570296818399434,-4.078490751984365,-23.75373563823397,2.3755160721396082,16.16983868035264,-3.5054062058969664
53,HYNHLRSRHV,0,Human CD98hc selection,2.8102202088555658e-06,0.0,1.522769979503516e-05,0.0,0.0,0.0,0.0,N/A,-14.419784021704313,-20.875116372625566,2.4379429438542948,7.131499355515039,0.6761670045937803,N/A,-6.0298352953401935,-12.485167646261452,N/A,-35.853975458011384,-42.309307808932644,N/A,-23.081779836397686,-29.537112187318947,N/A,-0.7194322907696631,-7.174764641690922
